<?xml version="1.0" encoding="UTF-8"?>
<ti:module xmlns:ti="http://ti.appcelerator.org" xmlns:android="http://schemas.android.com/apk/res/android">
	<iphone>
	</iphone>
	<android xmlns:android="http://schemas.android.com/apk/res/android">
		<application>
		   <meta-data
            android:name="com.google.android.gms.vision.DEPENDENCIES"
            android:value="ocr" /></application>
		<uses-permission android:name="android.permission.CAMERA"/>
		<uses-feature android:name="android.hardware.camera" />
	 <uses-feature android:name="android.hardware.camera.autofocus" />
	</android>
	<modules>
			<module platform="android">ti.playservices</module>
	</modules>
</ti:module>



